[{"model": "contenttypes.contenttype", "pk": 1, "fields": {"app_label": "admin", "model": "logentry"}}, {"model": "contenttypes.contenttype", "pk": 2, "fields": {"app_label": "auth", "model": "permission"}}, {"model": "contenttypes.contenttype", "pk": 3, "fields": {"app_label": "auth", "model": "group"}}, {"model": "contenttypes.contenttype", "pk": 4, "fields": {"app_label": "auth", "model": "user"}}, {"model": "contenttypes.contenttype", "pk": 5, "fields": {"app_label": "contenttypes", "model": "contenttype"}}, {"model": "contenttypes.contenttype", "pk": 6, "fields": {"app_label": "sessions", "model": "session"}}, {"model": "contenttypes.contenttype", "pk": 7, "fields": {"app_label": "blog", "model": "blog"}}, {"model": "contenttypes.contenttype", "pk": 8, "fields": {"app_label": "blog", "model": "blogtype"}}, {"model": "contenttypes.contenttype", "pk": 9, "fields": {"app_label": "blog", "model": "readnum"}}, {"model": "contenttypes.contenttype", "pk": 10, "fields": {"app_label": "read_statistics", "model": "readnum"}}, {"model": "contenttypes.contenttype", "pk": 11, "fields": {"app_label": "read_statistics", "model": "readdetail"}}, {"model": "contenttypes.contenttype", "pk": 12, "fields": {"app_label": "comment", "model": "comment"}}, {"model": "contenttypes.contenttype", "pk": 13, "fields": {"app_label": "likes", "model": "likerecord"}}, {"model": "contenttypes.contenttype", "pk": 14, "fields": {"app_label": "likes", "model": "likecount"}}, {"model": "contenttypes.contenttype", "pk": 15, "fields": {"app_label": "user", "model": "profile"}}, {"model": "sessions.session", "pk": "0cxom8kyv7el7xxt45p5fmnuyz22v01h", "fields": {"session_data": "NGJkZGE1Y2VjZjFhZjVmYTczNTNiZDY4N2NkNDYxYzg1YTVjNGE1Zjp7Il9hdXRoX3VzZXJfaWQiOiIxIiwiX2F1dGhfdXNlcl9iYWNrZW5kIjoiZGphbmdvLmNvbnRyaWIuYXV0aC5iYWNrZW5kcy5Nb2RlbEJhY2tlbmQiLCJfYXV0aF91c2VyX2hhc2giOiI4MjcwNDdkZThhY2JhN2MwNWNlZGUyODg0ZGQwOGY5NTViMjBiMWY3In0=", "expire_date": "2020-08-12T07:46:40.012"}}, {"model": "sessions.session", "pk": "3jsck1u55bbm3564isjo9fpegybyscgy", "fields": {"session_data": "NGJkZGE1Y2VjZjFhZjVmYTczNTNiZDY4N2NkNDYxYzg1YTVjNGE1Zjp7Il9hdXRoX3VzZXJfaWQiOiIxIiwiX2F1dGhfdXNlcl9iYWNrZW5kIjoiZGphbmdvLmNvbnRyaWIuYXV0aC5iYWNrZW5kcy5Nb2RlbEJhY2tlbmQiLCJfYXV0aF91c2VyX2hhc2giOiI4MjcwNDdkZThhY2JhN2MwNWNlZGUyODg0ZGQwOGY5NTViMjBiMWY3In0=", "expire_date": "2020-10-08T20:09:15.839"}}, {"model": "sessions.session", "pk": "fqyjw6b08lr55al2rk6vzaa6rpfxrkdx", "fields": {"session_data": "NmFiNTA1ZTZlODNkODkyNjZmOWZhZGEwNzQ2NmUwNDg4YjAxNGU0NDp7Il9hdXRoX3VzZXJfaWQiOiIxIiwiX2F1dGhfdXNlcl9iYWNrZW5kIjoiZGphbmdvLmNvbnRyaWIuYXV0aC5iYWNrZW5kcy5Nb2RlbEJhY2tlbmQiLCJfYXV0aF91c2VyX2hhc2giOiI4MjcwNDdkZThhY2JhN2MwNWNlZGUyODg0ZGQwOGY5NTViMjBiMWY3IiwiYmluZ19lbWFpbF9jb2RlIjoiNENkdiJ9", "expire_date": "2020-10-08T17:07:13.017"}}, {"model": "sessions.session", "pk": "ha99zi1nspl1y9snhwvrtir82k1kp0v0", "fields": {"session_data": "NGJkZGE1Y2VjZjFhZjVmYTczNTNiZDY4N2NkNDYxYzg1YTVjNGE1Zjp7Il9hdXRoX3VzZXJfaWQiOiIxIiwiX2F1dGhfdXNlcl9iYWNrZW5kIjoiZGphbmdvLmNvbnRyaWIuYXV0aC5iYWNrZW5kcy5Nb2RlbEJhY2tlbmQiLCJfYXV0aF91c2VyX2hhc2giOiI4MjcwNDdkZThhY2JhN2MwNWNlZGUyODg0ZGQwOGY5NTViMjBiMWY3In0=", "expire_date": "2020-06-13T17:13:59.214"}}, {"model": "sessions.session", "pk": "yfbjugpmefiuj96vlodotg9l2y2kl96a", "fields": {"session_data": "NGJkZGE1Y2VjZjFhZjVmYTczNTNiZDY4N2NkNDYxYzg1YTVjNGE1Zjp7Il9hdXRoX3VzZXJfaWQiOiIxIiwiX2F1dGhfdXNlcl9iYWNrZW5kIjoiZGphbmdvLmNvbnRyaWIuYXV0aC5iYWNrZW5kcy5Nb2RlbEJhY2tlbmQiLCJfYXV0aF91c2VyX2hhc2giOiI4MjcwNDdkZThhY2JhN2MwNWNlZGUyODg0ZGQwOGY5NTViMjBiMWY3In0=", "expire_date": "2020-10-08T18:05:51.568"}}, {"model": "blog.blogtype", "pk": 1, "fields": {"type_name": "Django"}}, {"model": "blog.blogtype", "pk": 2, "fields": {"type_name": "\u611f\u609f"}}, {"model": "blog.blogtype", "pk": 3, "fields": {"type_name": "\u968f\u7b14"}}, {"model": "read_statistics.readnum", "pk": 1, "fields": {"read_num": 31, "content_type": 7, "object_id": 34}}, {"model": "read_statistics.readnum", "pk": 2, "fields": {"read_num": 11, "content_type": 7, "object_id": 33}}, {"model": "read_statistics.readnum", "pk": 3, "fields": {"read_num": 3, "content_type": 7, "object_id": 32}}, {"model": "read_statistics.readnum", "pk": 4, "fields": {"read_num": 1, "content_type": 7, "object_id": 31}}, {"model": "read_statistics.readnum", "pk": 5, "fields": {"read_num": 1, "content_type": 7, "object_id": 30}}, {"model": "read_statistics.readnum", "pk": 6, "fields": {"read_num": 1, "content_type": 7, "object_id": 28}}, {"model": "read_statistics.readnum", "pk": 7, "fields": {"read_num": 3, "content_type": 7, "object_id": 29}}, {"model": "read_statistics.readdetail", "pk": 1, "fields": {"date": "2020-09-05T07:37:00", "read_num": 4, "content_type": 7, "object_id": 33}}, {"model": "read_statistics.readdetail", "pk": 2, "fields": {"date": "2020-09-05T00:00:00", "read_num": 1, "content_type": 7, "object_id": 32}}, {"model": "read_statistics.readdetail", "pk": 3, "fields": {"date": "2020-09-05T00:00:00", "read_num": 1, "content_type": 7, "object_id": 31}}, {"model": "read_statistics.readdetail", "pk": 4, "fields": {"date": "2020-09-05T00:00:00", "read_num": 1, "content_type": 7, "object_id": 30}}, {"model": "read_statistics.readdetail", "pk": 5, "fields": {"date": "2020-09-05T00:00:00", "read_num": 1, "content_type": 7, "object_id": 28}}, {"model": "read_statistics.readdetail", "pk": 6, "fields": {"date": "2020-09-05T00:00:00", "read_num": 1, "content_type": 7, "object_id": 29}}, {"model": "read_statistics.readdetail", "pk": 7, "fields": {"date": "2020-09-05T00:00:00", "read_num": 1, "content_type": 7, "object_id": 33}}, {"model": "read_statistics.readdetail", "pk": 8, "fields": {"date": "2020-09-06T00:00:00", "read_num": 1, "content_type": 7, "object_id": 34}}, {"model": "read_statistics.readdetail", "pk": 9, "fields": {"date": "2020-09-06T00:00:00", "read_num": 1, "content_type": 7, "object_id": 33}}, {"model": "read_statistics.readdetail", "pk": 10, "fields": {"date": "2020-09-07T00:00:00", "read_num": 1, "content_type": 7, "object_id": 32}}, {"model": "read_statistics.readdetail", "pk": 11, "fields": {"date": "2020-09-08T00:00:00", "read_num": 1, "content_type": 7, "object_id": 34}}, {"model": "read_statistics.readdetail", "pk": 12, "fields": {"date": "2020-09-09T00:00:00", "read_num": 1, "content_type": 7, "object_id": 34}}, {"model": "read_statistics.readdetail", "pk": 13, "fields": {"date": "2020-09-10T00:00:00", "read_num": 1, "content_type": 7, "object_id": 34}}, {"model": "read_statistics.readdetail", "pk": 14, "fields": {"date": "2020-09-10T00:00:00", "read_num": 1, "content_type": 7, "object_id": 33}}, {"model": "read_statistics.readdetail", "pk": 15, "fields": {"date": "2020-09-13T00:00:00", "read_num": 2, "content_type": 7, "object_id": 34}}, {"model": "read_statistics.readdetail", "pk": 16, "fields": {"date": "2020-09-14T00:00:00", "read_num": 2, "content_type": 7, "object_id": 34}}, {"model": "read_statistics.readdetail", "pk": 17, "fields": {"date": "2020-09-16T00:00:00", "read_num": 1, "content_type": 7, "object_id": 34}}, {"model": "read_statistics.readdetail", "pk": 18, "fields": {"date": "2020-09-16T00:00:00", "read_num": 1, "content_type": 7, "object_id": 29}}, {"model": "read_statistics.readdetail", "pk": 19, "fields": {"date": "2020-09-17T00:00:00", "read_num": 1, "content_type": 7, "object_id": 32}}, {"model": "read_statistics.readdetail", "pk": 20, "fields": {"date": "2020-09-17T00:00:00", "read_num": 1, "content_type": 7, "object_id": 34}}, {"model": "read_statistics.readdetail", "pk": 21, "fields": {"date": "2020-09-17T00:00:00", "read_num": 1, "content_type": 7, "object_id": 29}}, {"model": "read_statistics.readdetail", "pk": 22, "fields": {"date": "2020-09-17T00:00:00", "read_num": 1, "content_type": 7, "object_id": 33}}, {"model": "read_statistics.readdetail", "pk": 23, "fields": {"date": "2020-09-20T00:00:00", "read_num": 3, "content_type": 7, "object_id": 34}}, {"model": "read_statistics.readdetail", "pk": 24, "fields": {"date": "2020-09-21T00:00:00", "read_num": 1, "content_type": 7, "object_id": 34}}, {"model": "read_statistics.readdetail", "pk": 25, "fields": {"date": "2020-09-24T00:00:00", "read_num": 1, "content_type": 7, "object_id": 34}}, {"model": "likes.likecount", "pk": 1, "fields": {"content_type": 7, "object_id": 33, "liked_num": 1}}, {"model": "likes.likecount", "pk": 2, "fields": {"content_type": 7, "object_id": 34, "liked_num": 0}}, {"model": "likes.likecount", "pk": 3, "fields": {"content_type": 7, "object_id": 32, "liked_num": 0}}, {"model": "likes.likecount", "pk": 4, "fields": {"content_type": 7, "object_id": 31, "liked_num": 0}}, {"model": "likes.likecount", "pk": 5, "fields": {"content_type": 7, "object_id": 30, "liked_num": 0}}, {"model": "likes.likecount", "pk": 6, "fields": {"content_type": 7, "object_id": 29, "liked_num": 0}}, {"model": "likes.likecount", "pk": 7, "fields": {"content_type": 7, "object_id": 28, "liked_num": 0}}, {"model": "likes.likecount", "pk": 8, "fields": {"content_type": 12, "object_id": 28, "liked_num": 0}}, {"model": "likes.likecount", "pk": 9, "fields": {"content_type": 12, "object_id": 27, "liked_num": 0}}, {"model": "likes.likecount", "pk": 10, "fields": {"content_type": 12, "object_id": 25, "liked_num": 0}}, {"model": "likes.likecount", "pk": 11, "fields": {"content_type": 12, "object_id": 26, "liked_num": 0}}, {"model": "likes.likecount", "pk": 12, "fields": {"content_type": 12, "object_id": 24, "liked_num": 0}}, {"model": "likes.likecount", "pk": 13, "fields": {"content_type": 12, "object_id": 23, "liked_num": 0}}, {"model": "likes.likecount", "pk": 14, "fields": {"content_type": 12, "object_id": 22, "liked_num": 0}}, {"model": "likes.likecount", "pk": 15, "fields": {"content_type": 12, "object_id": 21, "liked_num": 0}}, {"model": "likes.likecount", "pk": 16, "fields": {"content_type": 12, "object_id": 20, "liked_num": 0}}, {"model": "likes.likecount", "pk": 17, "fields": {"content_type": 12, "object_id": 19, "liked_num": 0}}, {"model": "likes.likecount", "pk": 18, "fields": {"content_type": 12, "object_id": 18, "liked_num": 0}}, {"model": "likes.likecount", "pk": 19, "fields": {"content_type": 12, "object_id": 17, "liked_num": 0}}, {"model": "likes.likecount", "pk": 20, "fields": {"content_type": 12, "object_id": 16, "liked_num": 0}}, {"model": "likes.likecount", "pk": 21, "fields": {"content_type": 12, "object_id": 15, "liked_num": 0}}, {"model": "likes.likecount", "pk": 22, "fields": {"content_type": 12, "object_id": 14, "liked_num": 0}}, {"model": "likes.likecount", "pk": 23, "fields": {"content_type": 12, "object_id": 13, "liked_num": 0}}, {"model": "likes.likecount", "pk": 24, "fields": {"content_type": 12, "object_id": 12, "liked_num": 0}}, {"model": "likes.likecount", "pk": 25, "fields": {"content_type": 12, "object_id": 11, "liked_num": 0}}, {"model": "likes.likecount", "pk": 26, "fields": {"content_type": 12, "object_id": 10, "liked_num": 0}}, {"model": "likes.likecount", "pk": 27, "fields": {"content_type": 12, "object_id": 9, "liked_num": 0}}, {"model": "likes.likecount", "pk": 28, "fields": {"content_type": 12, "object_id": 8, "liked_num": 0}}, {"model": "likes.likecount", "pk": 29, "fields": {"content_type": 12, "object_id": 7, "liked_num": 0}}, {"model": "likes.likecount", "pk": 30, "fields": {"content_type": 12, "object_id": 6, "liked_num": 0}}, {"model": "likes.likecount", "pk": 31, "fields": {"content_type": 12, "object_id": 4, "liked_num": 0}}, {"model": "likes.likecount", "pk": 32, "fields": {"content_type": 12, "object_id": 3, "liked_num": 0}}, {"model": "likes.likecount", "pk": 33, "fields": {"content_type": 12, "object_id": 2, "liked_num": 0}}, {"model": "likes.likecount", "pk": 34, "fields": {"content_type": 12, "object_id": 35, "liked_num": 0}}, {"model": "auth.permission", "pk": 1, "fields": {"name": "Can add log entry", "content_type": 1, "codename": "add_logentry"}}, {"model": "auth.permission", "pk": 2, "fields": {"name": "Can change log entry", "content_type": 1, "codename": "change_logentry"}}, {"model": "auth.permission", "pk": 3, "fields": {"name": "Can delete log entry", "content_type": 1, "codename": "delete_logentry"}}, {"model": "auth.permission", "pk": 4, "fields": {"name": "Can view log entry", "content_type": 1, "codename": "view_logentry"}}, {"model": "auth.permission", "pk": 5, "fields": {"name": "Can add permission", "content_type": 2, "codename": "add_permission"}}, {"model": "auth.permission", "pk": 6, "fields": {"name": "Can change permission", "content_type": 2, "codename": "change_permission"}}, {"model": "auth.permission", "pk": 7, "fields": {"name": "Can delete permission", "content_type": 2, "codename": "delete_permission"}}, {"model": "auth.permission", "pk": 8, "fields": {"name": "Can view permission", "content_type": 2, "codename": "view_permission"}}, {"model": "auth.permission", "pk": 9, "fields": {"name": "Can add group", "content_type": 3, "codename": "add_group"}}, {"model": "auth.permission", "pk": 10, "fields": {"name": "Can change group", "content_type": 3, "codename": "change_group"}}, {"model": "auth.permission", "pk": 11, "fields": {"name": "Can delete group", "content_type": 3, "codename": "delete_group"}}, {"model": "auth.permission", "pk": 12, "fields": {"name": "Can view group", "content_type": 3, "codename": "view_group"}}, {"model": "auth.permission", "pk": 13, "fields": {"name": "Can add user", "content_type": 4, "codename": "add_user"}}, {"model": "auth.permission", "pk": 14, "fields": {"name": "Can change user", "content_type": 4, "codename": "change_user"}}, {"model": "auth.permission", "pk": 15, "fields": {"name": "Can delete user", "content_type": 4, "codename": "delete_user"}}, {"model": "auth.permission", "pk": 16, "fields": {"name": "Can view user", "content_type": 4, "codename": "view_user"}}, {"model": "auth.permission", "pk": 17, "fields": {"name": "Can add content type", "content_type": 5, "codename": "add_contenttype"}}, {"model": "auth.permission", "pk": 18, "fields": {"name": "Can change content type", "content_type": 5, "codename": "change_contenttype"}}, {"model": "auth.permission", "pk": 19, "fields": {"name": "Can delete content type", "content_type": 5, "codename": "delete_contenttype"}}, {"model": "auth.permission", "pk": 20, "fields": {"name": "Can view content type", "content_type": 5, "codename": "view_contenttype"}}, {"model": "auth.permission", "pk": 21, "fields": {"name": "Can add session", "content_type": 6, "codename": "add_session"}}, {"model": "auth.permission", "pk": 22, "fields": {"name": "Can change session", "content_type": 6, "codename": "change_session"}}, {"model": "auth.permission", "pk": 23, "fields": {"name": "Can delete session", "content_type": 6, "codename": "delete_session"}}, {"model": "auth.permission", "pk": 24, "fields": {"name": "Can view session", "content_type": 6, "codename": "view_session"}}, {"model": "auth.permission", "pk": 25, "fields": {"name": "Can add blog", "content_type": 7, "codename": "add_blog"}}, {"model": "auth.permission", "pk": 26, "fields": {"name": "Can change blog", "content_type": 7, "codename": "change_blog"}}, {"model": "auth.permission", "pk": 27, "fields": {"name": "Can delete blog", "content_type": 7, "codename": "delete_blog"}}, {"model": "auth.permission", "pk": 28, "fields": {"name": "Can view blog", "content_type": 7, "codename": "view_blog"}}, {"model": "auth.permission", "pk": 29, "fields": {"name": "Can add blog type", "content_type": 8, "codename": "add_blogtype"}}, {"model": "auth.permission", "pk": 30, "fields": {"name": "Can change blog type", "content_type": 8, "codename": "change_blogtype"}}, {"model": "auth.permission", "pk": 31, "fields": {"name": "Can delete blog type", "content_type": 8, "codename": "delete_blogtype"}}, {"model": "auth.permission", "pk": 32, "fields": {"name": "Can view blog type", "content_type": 8, "codename": "view_blogtype"}}, {"model": "auth.permission", "pk": 33, "fields": {"name": "Can add read num", "content_type": 9, "codename": "add_readnum"}}, {"model": "auth.permission", "pk": 34, "fields": {"name": "Can change read num", "content_type": 9, "codename": "change_readnum"}}, {"model": "auth.permission", "pk": 35, "fields": {"name": "Can delete read num", "content_type": 9, "codename": "delete_readnum"}}, {"model": "auth.permission", "pk": 36, "fields": {"name": "Can view read num", "content_type": 9, "codename": "view_readnum"}}, {"model": "auth.permission", "pk": 37, "fields": {"name": "Can add read num", "content_type": 10, "codename": "add_readnum"}}, {"model": "auth.permission", "pk": 38, "fields": {"name": "Can change read num", "content_type": 10, "codename": "change_readnum"}}, {"model": "auth.permission", "pk": 39, "fields": {"name": "Can delete read num", "content_type": 10, "codename": "delete_readnum"}}, {"model": "auth.permission", "pk": 40, "fields": {"name": "Can view read num", "content_type": 10, "codename": "view_readnum"}}, {"model": "auth.permission", "pk": 41, "fields": {"name": "Can add read detail", "content_type": 11, "codename": "add_readdetail"}}, {"model": "auth.permission", "pk": 42, "fields": {"name": "Can change read detail", "content_type": 11, "codename": "change_readdetail"}}, {"model": "auth.permission", "pk": 43, "fields": {"name": "Can delete read detail", "content_type": 11, "codename": "delete_readdetail"}}, {"model": "auth.permission", "pk": 44, "fields": {"name": "Can view read detail", "content_type": 11, "codename": "view_readdetail"}}, {"model": "auth.permission", "pk": 45, "fields": {"name": "Can add comment", "content_type": 12, "codename": "add_comment"}}, {"model": "auth.permission", "pk": 46, "fields": {"name": "Can change comment", "content_type": 12, "codename": "change_comment"}}, {"model": "auth.permission", "pk": 47, "fields": {"name": "Can delete comment", "content_type": 12, "codename": "delete_comment"}}, {"model": "auth.permission", "pk": 48, "fields": {"name": "Can view comment", "content_type": 12, "codename": "view_comment"}}, {"model": "auth.permission", "pk": 49, "fields": {"name": "Can add like record", "content_type": 13, "codename": "add_likerecord"}}, {"model": "auth.permission", "pk": 50, "fields": {"name": "Can change like record", "content_type": 13, "codename": "change_likerecord"}}, {"model": "auth.permission", "pk": 51, "fields": {"name": "Can delete like record", "content_type": 13, "codename": "delete_likerecord"}}, {"model": "auth.permission", "pk": 52, "fields": {"name": "Can view like record", "content_type": 13, "codename": "view_likerecord"}}, {"model": "auth.permission", "pk": 53, "fields": {"name": "Can add like count", "content_type": 14, "codename": "add_likecount"}}, {"model": "auth.permission", "pk": 54, "fields": {"name": "Can change like count", "content_type": 14, "codename": "change_likecount"}}, {"model": "auth.permission", "pk": 55, "fields": {"name": "Can delete like count", "content_type": 14, "codename": "delete_likecount"}}, {"model": "auth.permission", "pk": 56, "fields": {"name": "Can view like count", "content_type": 14, "codename": "view_likecount"}}, {"model": "auth.permission", "pk": 57, "fields": {"name": "Can add profile", "content_type": 15, "codename": "add_profile"}}, {"model": "auth.permission", "pk": 58, "fields": {"name": "Can change profile", "content_type": 15, "codename": "change_profile"}}, {"model": "auth.permission", "pk": 59, "fields": {"name": "Can delete profile", "content_type": 15, "codename": "delete_profile"}}, {"model": "auth.permission", "pk": 60, "fields": {"name": "Can view profile", "content_type": 15, "codename": "view_profile"}}, {"model": "auth.user", "pk": 1, "fields": {"password": "pbkdf2_sha256$150000$ijtEijcbI2QI$VpXCazSBMZS+m35ITlvAF1tidYCfcKnlEROfhycQpxc=", "last_login": "2020-09-24T20:09:15.831", "is_superuser": true, "username": "admin", "first_name": "", "last_name": "", "email": "", "is_staff": true, "is_active": true, "date_joined": "2020-05-30T17:09:08.346", "groups": [], "user_permissions": []}}, {"model": "auth.user", "pk": 2, "fields": {"password": "pbkdf2_sha256$150000$LKeMpqKKKzbO$x2h8SkUKbRj47ciDracHs72dHX8cniLdFOWnfZ1lXfQ=", "last_login": "2020-09-22T00:28:43.284", "is_superuser": false, "username": "cj1", "first_name": "", "last_name": "", "email": "1@qq.com", "is_staff": false, "is_active": true, "date_joined": "2020-09-12T00:33:40.878", "groups": [], "user_permissions": []}}, {"model": "blog.blog", "pk": 1, "fields": {"title": "\u7b2c\u4e00\u7bc7\u535a\u5ba2", "blog_type": 1, "content": "123", "author": 1, "created_time": "2020-05-30T17:18:03.585", "last_update_time": "2020-09-01T15:30:26.947"}}, {"model": "blog.blog", "pk": 2, "fields": {"title": "\u7b2c\u4e8c\u7bc7\u535a\u5ba2", "blog_type": 1, "content": "1231", "author": 1, "created_time": "2020-05-31T10:34:10.317", "last_update_time": "2020-09-01T15:31:54.988"}}, {"model": "blog.blog", "pk": 3, "fields": {"title": "\u957f\u7bc7\u535a\u5ba2", "blog_type": 1, "content": "\u554a\u554a\u53d1\u5927\u6c34\u53d1\u751f\u554a\u554a\u53d1\u5927\u6c34\u53d1\u751f<b>\u554a\u554a\u53d1\u5927\u6c34</b>\u53d1\u751f\u554a\u554a\u53d1\u5927\u6c34\u53d1\u751f\u554a\u554a<br>\u53d1\u5927\u6c34\u53d1\u751f\u554a\u554a\u53d1\u5927\u6c34\u53d1\u751f\u554a\u554a\u53d1\u5927", "author": 1, "created_time": "2020-05-31T11:04:58.510", "last_update_time": "2020-07-29T07:56:29.133"}}, {"model": "blog.blog", "pk": 4, "fields": {"title": "shell\u4e0b\u7684\u535a\u5ba2", "blog_type": 1, "content": "xxxxxxx", "author": 1, "created_time": "2020-06-14T09:40:55.862", "last_update_time": "2020-06-14T09:40:55.862"}}, {"model": "blog.blog", "pk": 5, "fields": {"title": "for 1", "blog_type": 1, "content": "xxx:1", "author": 1, "created_time": "2020-06-14T15:45:39.768", "last_update_time": "2020-06-14T15:45:39.768"}}, {"model": "blog.blog", "pk": 6, "fields": {"title": "for 2", "blog_type": 1, "content": "xxx:2", "author": 1, "created_time": "2020-06-14T15:45:39.772", "last_update_time": "2020-06-14T15:45:39.772"}}, {"model": "blog.blog", "pk": 7, "fields": {"title": "for 3", "blog_type": 1, "content": "xxx:3", "author": 1, "created_time": "2020-06-14T15:45:39.775", "last_update_time": "2020-06-14T15:45:39.775"}}, {"model": "blog.blog", "pk": 8, "fields": {"title": "for 4", "blog_type": 1, "content": "xxx:4", "author": 1, "created_time": "2020-06-14T15:45:39.777", "last_update_time": "2020-06-14T15:45:39.777"}}, {"model": "blog.blog", "pk": 9, "fields": {"title": "for 5", "blog_type": 1, "content": "xxx:5", "author": 1, "created_time": "2020-06-14T15:45:39.780", "last_update_time": "2020-06-14T15:45:39.780"}}, {"model": "blog.blog", "pk": 10, "fields": {"title": "for 6", "blog_type": 1, "content": "xxx:6", "author": 1, "created_time": "2020-06-14T15:45:39.782", "last_update_time": "2020-06-14T15:45:39.782"}}, {"model": "blog.blog", "pk": 11, "fields": {"title": "for 7", "blog_type": 1, "content": "xxx:7", "author": 1, "created_time": "2020-06-14T15:45:39.786", "last_update_time": "2020-06-14T15:45:39.786"}}, {"model": "blog.blog", "pk": 12, "fields": {"title": "for 8", "blog_type": 1, "content": "xxx:8", "author": 1, "created_time": "2020-06-14T15:45:39.788", "last_update_time": "2020-06-14T15:45:39.788"}}, {"model": "blog.blog", "pk": 13, "fields": {"title": "for 9", "blog_type": 1, "content": "xxx:9", "author": 1, "created_time": "2020-06-14T15:45:39.791", "last_update_time": "2020-06-14T15:45:39.791"}}, {"model": "blog.blog", "pk": 14, "fields": {"title": "for 10", "blog_type": 1, "content": "xxx:10", "author": 1, "created_time": "2020-06-14T15:45:39.793", "last_update_time": "2020-06-14T15:45:39.793"}}, {"model": "blog.blog", "pk": 15, "fields": {"title": "for 11", "blog_type": 1, "content": "xxx:11", "author": 1, "created_time": "2020-06-14T15:45:39.795", "last_update_time": "2020-06-14T15:45:39.795"}}, {"model": "blog.blog", "pk": 16, "fields": {"title": "for 12", "blog_type": 1, "content": "xxx:12", "author": 1, "created_time": "2020-06-14T15:45:39.798", "last_update_time": "2020-06-14T15:45:39.798"}}, {"model": "blog.blog", "pk": 17, "fields": {"title": "for 13", "blog_type": 1, "content": "xxx:13", "author": 1, "created_time": "2020-06-14T15:45:39.800", "last_update_time": "2020-06-14T15:45:39.800"}}, {"model": "blog.blog", "pk": 18, "fields": {"title": "for 14", "blog_type": 1, "content": "xxx:14", "author": 1, "created_time": "2020-06-14T15:45:39.806", "last_update_time": "2020-06-14T15:45:39.806"}}, {"model": "blog.blog", "pk": 19, "fields": {"title": "for 15", "blog_type": 1, "content": "xxx:15", "author": 1, "created_time": "2020-06-14T15:45:39.808", "last_update_time": "2020-06-14T15:45:39.808"}}, {"model": "blog.blog", "pk": 20, "fields": {"title": "for 16", "blog_type": 1, "content": "xxx:16", "author": 1, "created_time": "2020-06-14T15:45:39.811", "last_update_time": "2020-06-14T15:45:39.811"}}, {"model": "blog.blog", "pk": 21, "fields": {"title": "for 17", "blog_type": 1, "content": "xxx:17", "author": 1, "created_time": "2020-06-14T15:45:39.814", "last_update_time": "2020-06-14T15:45:39.814"}}, {"model": "blog.blog", "pk": 22, "fields": {"title": "for 18", "blog_type": 1, "content": "xxx:18", "author": 1, "created_time": "2020-06-14T15:45:39.816", "last_update_time": "2020-06-14T15:45:39.816"}}, {"model": "blog.blog", "pk": 23, "fields": {"title": "for 19", "blog_type": 1, "content": "xxx:19", "author": 1, "created_time": "2020-06-14T15:45:39.820", "last_update_time": "2020-06-14T15:45:39.820"}}, {"model": "blog.blog", "pk": 24, "fields": {"title": "for 20", "blog_type": 1, "content": "xxx:20", "author": 1, "created_time": "2020-06-14T15:45:39.822", "last_update_time": "2020-06-14T15:45:39.822"}}, {"model": "blog.blog", "pk": 25, "fields": {"title": "for 21", "blog_type": 1, "content": "xxx:21", "author": 1, "created_time": "2020-06-14T15:45:39.825", "last_update_time": "2020-06-14T15:45:39.825"}}, {"model": "blog.blog", "pk": 26, "fields": {"title": "for 22", "blog_type": 1, "content": "xxx:22", "author": 1, "created_time": "2020-06-14T15:45:39.827", "last_update_time": "2020-06-14T15:45:39.827"}}, {"model": "blog.blog", "pk": 27, "fields": {"title": "for 23", "blog_type": 1, "content": "xxx:23", "author": 1, "created_time": "2020-06-14T15:45:39.829", "last_update_time": "2020-06-14T15:45:39.829"}}, {"model": "blog.blog", "pk": 28, "fields": {"title": "for 24", "blog_type": 1, "content": "xxx:24", "author": 1, "created_time": "2020-06-14T15:45:39.832", "last_update_time": "2020-06-14T15:45:39.832"}}, {"model": "blog.blog", "pk": 29, "fields": {"title": "for 25", "blog_type": 1, "content": "xxx:25", "author": 1, "created_time": "2020-06-14T15:45:39.835", "last_update_time": "2020-06-14T15:45:39.835"}}, {"model": "blog.blog", "pk": 30, "fields": {"title": "for 26", "blog_type": 1, "content": "xxx:26", "author": 1, "created_time": "2020-06-14T15:45:39.838", "last_update_time": "2020-06-14T15:45:39.838"}}, {"model": "blog.blog", "pk": 31, "fields": {"title": "for 27", "blog_type": 1, "content": "xxx:27", "author": 1, "created_time": "2020-06-14T15:45:39.840", "last_update_time": "2020-06-14T15:45:39.840"}}, {"model": "blog.blog", "pk": 32, "fields": {"title": "for 28", "blog_type": 1, "content": "<p><img alt=\"\" src=\"/media/2020/07/30/2008524.jpg\" style=\"height:240px\" />xxx:28</p>", "author": 1, "created_time": "2020-06-14T15:45:39.843", "last_update_time": "2020-07-30T05:42:53.681"}}, {"model": "blog.blog", "pk": 33, "fields": {"title": "for 29", "blog_type": 1, "content": "xxx:29", "author": 1, "created_time": "2020-06-14T15:45:39.845", "last_update_time": "2020-09-01T15:41:49.076"}}, {"model": "blog.blog", "pk": 34, "fields": {"title": "for 30", "blog_type": 1, "content": "<p><strong>xxx:30</strong></p>", "author": 1, "created_time": "2020-06-14T15:45:39.848", "last_update_time": "2020-09-01T15:43:42.173"}}, {"model": "comment.comment", "pk": 2, "fields": {"content_type": 7, "object_id": 34, "text": "1111", "comment_time": "2020-09-10T18:57:12.323", "user": 1, "root": null, "parent": null, "reply_to": null}}, {"model": "comment.comment", "pk": 3, "fields": {"content_type": 7, "object_id": 34, "text": "123", "comment_time": "2020-09-13T20:18:31.888", "user": 2, "root": null, "parent": null, "reply_to": null}}, {"model": "comment.comment", "pk": 4, "fields": {"content_type": 7, "object_id": 34, "text": "4444", "comment_time": "2020-09-13T23:54:20.592", "user": 2, "root": null, "parent": null, "reply_to": null}}, {"model": "comment.comment", "pk": 6, "fields": {"content_type": 7, "object_id": 34, "text": "<p>68</p>", "comment_time": "2020-09-14T21:52:17.119", "user": 2, "root": null, "parent": null, "reply_to": null}}, {"model": "comment.comment", "pk": 7, "fields": {"content_type": 7, "object_id": 34, "text": "<p>68</p>", "comment_time": "2020-09-14T21:52:26.531", "user": 2, "root": null, "parent": null, "reply_to": null}}, {"model": "comment.comment", "pk": 8, "fields": {"content_type": 7, "object_id": 34, "text": "<p>68141</p>", "comment_time": "2020-09-14T21:52:30.095", "user": 2, "root": null, "parent": null, "reply_to": null}}, {"model": "comment.comment", "pk": 9, "fields": {"content_type": 7, "object_id": 34, "text": "<p>68141</p>", "comment_time": "2020-09-14T21:52:30.581", "user": 2, "root": null, "parent": null, "reply_to": null}}, {"model": "comment.comment", "pk": 10, "fields": {"content_type": 7, "object_id": 34, "text": "<p>68141</p>", "comment_time": "2020-09-14T21:52:30.742", "user": 2, "root": null, "parent": null, "reply_to": null}}, {"model": "comment.comment", "pk": 11, "fields": {"content_type": 7, "object_id": 34, "text": "<p>68141</p>", "comment_time": "2020-09-14T21:52:30.893", "user": 2, "root": null, "parent": null, "reply_to": null}}, {"model": "comment.comment", "pk": 12, "fields": {"content_type": 7, "object_id": 34, "text": "<p>tyu</p>", "comment_time": "2020-09-14T21:53:42.322", "user": 2, "root": null, "parent": null, "reply_to": null}}, {"model": "comment.comment", "pk": 13, "fields": {"content_type": 7, "object_id": 34, "text": "<p>14414</p>", "comment_time": "2020-09-14T22:06:49.829", "user": 2, "root": null, "parent": null, "reply_to": null}}, {"model": "comment.comment", "pk": 14, "fields": {"content_type": 7, "object_id": 34, "text": "<p>3636</p>", "comment_time": "2020-09-14T22:07:35.751", "user": 2, "root": null, "parent": null, "reply_to": null}}, {"model": "comment.comment", "pk": 15, "fields": {"content_type": 7, "object_id": 34, "text": "<p>37</p>", "comment_time": "2020-09-14T22:07:47.250", "user": 2, "root": null, "parent": null, "reply_to": null}}, {"model": "comment.comment", "pk": 16, "fields": {"content_type": 7, "object_id": 34, "text": "<p>37154</p>", "comment_time": "2020-09-14T22:08:45.472", "user": 2, "root": null, "parent": null, "reply_to": null}}, {"model": "comment.comment", "pk": 17, "fields": {"content_type": 7, "object_id": 34, "text": "<p>14</p>", "comment_time": "2020-09-14T22:08:48.642", "user": 2, "root": null, "parent": null, "reply_to": null}}, {"model": "comment.comment", "pk": 18, "fields": {"content_type": 7, "object_id": 34, "text": "<p>14</p>", "comment_time": "2020-09-14T22:08:57.032", "user": 2, "root": null, "parent": null, "reply_to": null}}, {"model": "comment.comment", "pk": 19, "fields": {"content_type": 7, "object_id": 34, "text": "<p>14</p>", "comment_time": "2020-09-14T22:08:58.241", "user": 2, "root": null, "parent": null, "reply_to": null}}, {"model": "comment.comment", "pk": 20, "fields": {"content_type": 7, "object_id": 34, "text": "<p>14</p>", "comment_time": "2020-09-14T22:08:58.539", "user": 2, "root": null, "parent": null, "reply_to": null}}, {"model": "comment.comment", "pk": 21, "fields": {"content_type": 7, "object_id": 34, "text": "<p>14</p>", "comment_time": "2020-09-14T22:09:23.663", "user": 2, "root": null, "parent": null, "reply_to": null}}, {"model": "comment.comment", "pk": 22, "fields": {"content_type": 7, "object_id": 34, "text": "<p>123</p>", "comment_time": "2020-09-14T22:10:26.989", "user": 2, "root": null, "parent": null, "reply_to": null}}, {"model": "comment.comment", "pk": 23, "fields": {"content_type": 7, "object_id": 34, "text": "<p>14</p>", "comment_time": "2020-09-14T22:34:00.836", "user": 2, "root": null, "parent": null, "reply_to": null}}, {"model": "comment.comment", "pk": 24, "fields": {"content_type": 7, "object_id": 34, "text": "<p>141</p>", "comment_time": "2020-09-14T22:34:18.200", "user": 2, "root": null, "parent": null, "reply_to": null}}, {"model": "comment.comment", "pk": 25, "fields": {"content_type": 7, "object_id": 34, "text": "<p>4</p>", "comment_time": "2020-09-14T22:37:59.699", "user": 2, "root": null, "parent": null, "reply_to": null}}, {"model": "comment.comment", "pk": 26, "fields": {"content_type": 7, "object_id": 34, "text": "123", "comment_time": "2020-09-15T23:54:29.391", "user": 1, "root": 25, "parent": 25, "reply_to": 2}}, {"model": "comment.comment", "pk": 27, "fields": {"content_type": 7, "object_id": 34, "text": "<p>555</p>", "comment_time": "2020-09-16T16:45:13.425", "user": 1, "root": null, "parent": null, "reply_to": null}}, {"model": "comment.comment", "pk": 28, "fields": {"content_type": 7, "object_id": 34, "text": "<p>454</p>", "comment_time": "2020-09-16T17:19:04.179", "user": 1, "root": null, "parent": null, "reply_to": null}}, {"model": "comment.comment", "pk": 31, "fields": {"content_type": 7, "object_id": 29, "text": "<p>123</p>", "comment_time": "2020-09-16T22:18:17.128", "user": 1, "root": null, "parent": null, "reply_to": null}}, {"model": "comment.comment", "pk": 32, "fields": {"content_type": 7, "object_id": 32, "text": "<p>123</p>", "comment_time": "2020-09-17T12:41:48.128", "user": 1, "root": null, "parent": null, "reply_to": null}}, {"model": "comment.comment", "pk": 33, "fields": {"content_type": 7, "object_id": 32, "text": "<p>456</p>", "comment_time": "2020-09-17T12:41:56.071", "user": 1, "root": 32, "parent": 32, "reply_to": 1}}, {"model": "comment.comment", "pk": 35, "fields": {"content_type": 7, "object_id": 34, "text": "<p>13</p>", "comment_time": "2020-09-18T21:27:20.450", "user": 1, "root": 28, "parent": 28, "reply_to": 1}}, {"model": "likes.likerecord", "pk": 1, "fields": {"content_type": 7, "object_id": 33, "user": 1, "liked_time": "2020-09-18T14:19:20.250"}}, {"model": "user.profile", "pk": 1, "fields": {"user": 1, "nickname": "\u7a0b\u5065"}}, {"model": "admin.logentry", "pk": 1, "fields": {"action_time": "2020-05-30T17:14:35.109", "user": 1, "content_type": 8, "object_id": "1", "object_repr": "BlogType object (1)", "action_flag": 1, "change_message": "[{\"added\": {}}]"}}, {"model": "admin.logentry", "pk": 2, "fields": {"action_time": "2020-05-30T17:14:50.881", "user": 1, "content_type": 8, "object_id": "2", "object_repr": "BlogType object (2)", "action_flag": 1, "change_message": "[{\"added\": {}}]"}}, {"model": "admin.logentry", "pk": 3, "fields": {"action_time": "2020-05-30T17:14:54.863", "user": 1, "content_type": 8, "object_id": "3", "object_repr": "BlogType object (3)", "action_flag": 1, "change_message": "[{\"added\": {}}]"}}, {"model": "admin.logentry", "pk": 4, "fields": {"action_time": "2020-05-30T17:18:03.586", "user": 1, "content_type": 7, "object_id": "1", "object_repr": "<Blog \u7b2c\u4e00\u7bc7\u535a\u5ba2>", "action_flag": 1, "change_message": "[{\"added\": {}}]"}}, {"model": "admin.logentry", "pk": 5, "fields": {"action_time": "2020-05-31T10:34:10.318", "user": 1, "content_type": 7, "object_id": "2", "object_repr": "<Blog \u7b2c\u4e8c\u7bc7\u535a\u5ba2>", "action_flag": 1, "change_message": "[{\"added\": {}}]"}}, {"model": "admin.logentry", "pk": 6, "fields": {"action_time": "2020-05-31T11:04:58.511", "user": 1, "content_type": 7, "object_id": "3", "object_repr": "<Blog \u957f\u7bc7\u535a\u5ba2>", "action_flag": 1, "change_message": "[{\"added\": {}}]"}}, {"model": "admin.logentry", "pk": 7, "fields": {"action_time": "2020-07-29T07:50:05.924", "user": 1, "content_type": 7, "object_id": "3", "object_repr": "<Blog \u957f\u7bc7\u535a\u5ba2>", "action_flag": 2, "change_message": "[{\"changed\": {\"fields\": [\"content\"]}}]"}}, {"model": "admin.logentry", "pk": 8, "fields": {"action_time": "2020-07-29T07:56:29.134", "user": 1, "content_type": 7, "object_id": "3", "object_repr": "<Blog \u957f\u7bc7\u535a\u5ba2>", "action_flag": 2, "change_message": "[]"}}, {"model": "admin.logentry", "pk": 9, "fields": {"action_time": "2020-07-29T08:16:59.980", "user": 1, "content_type": 7, "object_id": "34", "object_repr": "<Blog for 30>", "action_flag": 2, "change_message": "[{\"changed\": {\"fields\": [\"content\"]}}]"}}, {"model": "admin.logentry", "pk": 10, "fields": {"action_time": "2020-07-30T05:34:17.417", "user": 1, "content_type": 7, "object_id": "32", "object_repr": "<Blog for 28>", "action_flag": 2, "change_message": "[{\"changed\": {\"fields\": [\"content\"]}}]"}}, {"model": "admin.logentry", "pk": 11, "fields": {"action_time": "2020-07-30T13:18:16.727", "user": 1, "content_type": 9, "object_id": "1", "object_repr": "ReadNum object (1)", "action_flag": 1, "change_message": "[{\"added\": {}}]"}}, {"model": "admin.logentry", "pk": 12, "fields": {"action_time": "2020-09-03T10:42:41.781", "user": 1, "content_type": 10, "object_id": "1", "object_repr": "ReadNum object (1)", "action_flag": 1, "change_message": "[{\"added\": {}}]"}}, {"model": "admin.logentry", "pk": 13, "fields": {"action_time": "2020-09-03T14:07:21.034", "user": 1, "content_type": 10, "object_id": "1", "object_repr": "ReadNum object (1)", "action_flag": 2, "change_message": "[{\"changed\": {\"fields\": [\"object_id\"]}}]"}}, {"model": "admin.logentry", "pk": 14, "fields": {"action_time": "2020-09-05T07:38:02.769", "user": 1, "content_type": 11, "object_id": "1", "object_repr": "ReadDetail object (1)", "action_flag": 1, "change_message": "[{\"added\": {}}]"}}, {"model": "admin.logentry", "pk": 15, "fields": {"action_time": "2020-09-15T23:54:29.392", "user": 1, "content_type": 12, "object_id": "26", "object_repr": "Comment object (26)", "action_flag": 1, "change_message": "[{\"added\": {}}]"}}, {"model": "admin.logentry", "pk": 16, "fields": {"action_time": "2020-09-16T00:00:33.362", "user": 1, "content_type": 12, "object_id": "26", "object_repr": "123", "action_flag": 2, "change_message": "[{\"changed\": {\"fields\": [\"parent\"]}}]"}}, {"model": "admin.logentry", "pk": 17, "fields": {"action_time": "2020-09-16T03:13:04.657", "user": 1, "content_type": 12, "object_id": "26", "object_repr": "123", "action_flag": 2, "change_message": "[{\"changed\": {\"fields\": [\"root\", \"reply_to\"]}}]"}}, {"model": "admin.logentry", "pk": 18, "fields": {"action_time": "2020-09-16T03:16:47.379", "user": 1, "content_type": 12, "object_id": "26", "object_repr": "123", "action_flag": 2, "change_message": "[{\"changed\": {\"fields\": [\"user\"]}}]"}}, {"model": "admin.logentry", "pk": 19, "fields": {"action_time": "2020-09-16T03:17:06.049", "user": 1, "content_type": 12, "object_id": "26", "object_repr": "123", "action_flag": 2, "change_message": "[{\"changed\": {\"fields\": [\"user\", \"reply_to\"]}}]"}}, {"model": "admin.logentry", "pk": 20, "fields": {"action_time": "2020-09-17T21:27:52.348", "user": 1, "content_type": 12, "object_id": "1", "object_repr": "22", "action_flag": 3, "change_message": ""}}, {"model": "admin.logentry", "pk": 21, "fields": {"action_time": "2020-09-17T21:28:02.917", "user": 1, "content_type": 12, "object_id": "5", "object_repr": "<p>&nbsp;</p>\r\n\r\n<p>&nbsp;</p>\r\n\r\n<p>&nbsp;</p>\r\n\r\n<p>&nbsp;</p>\r\n\r\n<p>&nbsp;</p>\r\n\r\n<p>&nbsp;</p>", "action_flag": 3, "change_message": ""}}, {"model": "admin.logentry", "pk": 22, "fields": {"action_time": "2020-09-17T21:31:01.347", "user": 1, "content_type": 12, "object_id": "29", "object_repr": "<p>13</p>", "action_flag": 3, "change_message": ""}}, {"model": "admin.logentry", "pk": 23, "fields": {"action_time": "2020-09-17T21:33:58.311", "user": 1, "content_type": 12, "object_id": "29", "object_repr": "<p>13</p>", "action_flag": 3, "change_message": ""}}, {"model": "admin.logentry", "pk": 24, "fields": {"action_time": "2020-09-17T21:34:23.404", "user": 1, "content_type": 12, "object_id": "34", "object_repr": "<p>124123</p>", "action_flag": 3, "change_message": ""}}, {"model": "admin.logentry", "pk": 25, "fields": {"action_time": "2020-09-22T00:08:20.415", "user": 1, "content_type": 15, "object_id": "1", "object_repr": "<Profile: cj for admin>", "action_flag": 1, "change_message": "[{\"added\": {}}]"}}]